customer_id,company_name,plan,mrr,start_date,status,tenure_months,seats,industry,avg_dau,login_days_30,features_used,support_tickets,tenure_score,usage_score,feature_score,support_score,health_score,health_status,churn_probability
cust_1860,Company_1860,starter,299,2023-01-21,active,1,2,Healthcare,7.6,0,1,5,2.083333333333333,0.0,5.0,0.0,7.1,Critical,0.929
cust_419,Company_419,growth,799,2023-03-24,active,2,2,Healthcare,3.6,0,1,5,4.166666666666666,0.0,5.0,0.0,9.2,Critical,0.9079999999999999
cust_2291,Company_2291,starter,299,2023-08-23,active,2,3,Other,6.2,1,1,4,4.166666666666666,1.5,5.0,0.0,10.7,Critical,0.893
cust_2285,Company_2285,enterprise,4999,2023-06-05,active,3,37,Other,4.3,0,1,4,6.25,0.0,5.0,0.0,11.3,Critical,0.887
cust_1566,Company_1566,starter,299,2023-07-11,active,3,2,SaaS,8.7,0,1,5,6.25,0.0,5.0,0.0,11.3,Critical,0.887
cust_1467,Company_1467,pro,1999,2023-04-24,active,1,3,Other,6.2,4,1,4,2.083333333333333,6.0,5.0,0.0,13.1,Critical,0.8690000000000001
cust_1538,Company_1538,enterprise,4999,2023-07-09,active,2,7,Ecommerce,0.6,0,1,3,4.166666666666666,0.0,5.0,5.0,14.2,Critical,0.858
cust_2626,Company_2626,starter,299,2023-03-26,active,2,2,SaaS,1.9,4,1,4,4.166666666666666,6.0,5.0,0.0,15.2,Critical,0.848
cust_2625,Company_2625,growth,799,2023-05-17,active,1,5,SaaS,0.6,6,1,4,2.083333333333333,9.0,5.0,0.0,16.1,Critical,0.8390000000000001
cust_2076,Company_2076,starter,299,2023-08-26,active,4,1,Finance,2.3,2,1,5,8.333333333333332,3.0,5.0,0.0,16.3,Critical,0.8370000000000001
cust_1484,Company_1484,growth,799,2023-09-25,active,2,4,SaaS,2.6,5,1,5,4.166666666666666,7.5,5.0,0.0,16.7,Critical,0.833
cust_2237,Company_2237,starter,299,2023-10-21,active,3,1,Ecommerce,1.3,1,2,4,6.25,1.5,10.0,0.0,17.8,Critical,0.8220000000000001
cust_1440,Company_1440,enterprise,4999,2023-10-23,active,5,10,Ecommerce,3.4,3,1,4,10.416666666666668,4.5,5.0,0.0,19.9,Critical,0.8009999999999999
cust_2984,Company_2984,enterprise,4999,2023-04-20,active,6,28,Ecommerce,7.0,2,1,5,12.5,3.0,5.0,0.0,20.5,Critical,0.795
cust_2788,Company_2788,pro,1999,2023-05-25,active,2,5,Finance,1.3,1,2,3,4.166666666666666,1.5,10.0,5.0,20.7,Critical,0.7929999999999999
cust_908,Company_908,starter,299,2023-08-15,active,2,4,SaaS,1.5,1,1,2,4.166666666666666,1.5,5.0,10.0,20.7,Critical,0.7929999999999999
cust_2000,Company_2000,growth,799,2023-08-06,active,1,1,SaaS,3.3,6,2,4,2.083333333333333,9.0,10.0,0.0,21.1,Critical,0.789
cust_2135,Company_2135,starter,299,2023-10-18,active,3,2,SaaS,4.5,0,1,2,6.25,0.0,5.0,10.0,21.3,Critical,0.787
cust_2255,Company_2255,growth,799,2023-01-21,active,2,5,Ecommerce,7.2,5,2,5,4.166666666666666,7.5,10.0,0.0,21.7,Critical,0.7829999999999999
cust_2768,Company_2768,pro,1999,2023-10-16,active,3,4,Ecommerce,4.0,7,1,4,6.25,10.5,5.0,0.0,21.8,Critical,0.782
cust_820,Company_820,enterprise,4999,2023-10-19,active,5,4,Finance,3.6,1,2,4,10.416666666666668,1.5,10.0,0.0,21.9,Critical,0.7809999999999999
cust_1700,Company_1700,enterprise,4999,2023-03-26,active,1,10,Other,3.1,0,4,5,2.083333333333333,0.0,20.0,0.0,22.1,Critical,0.779
cust_1951,Company_1951,starter,299,2023-05-26,active,1,4,Other,1.8,10,1,4,2.083333333333333,15.0,5.0,0.0,22.1,Critical,0.779
cust_2116,Company_2116,starter,299,2023-04-06,active,3,4,SaaS,7.1,4,1,3,6.25,6.0,5.0,5.0,22.3,Critical,0.777
cust_2290,Company_2290,growth,799,2023-07-21,active,1,2,SaaS,8.4,1,3,3,2.083333333333333,1.5,15.0,5.0,23.6,Critical,0.764
cust_1052,Company_1052,starter,299,2023-08-11,active,1,2,SaaS,2.3,1,3,3,2.083333333333333,1.5,15.0,5.0,23.6,Critical,0.764
cust_1454,Company_1454,pro,1999,2023-07-28,active,2,5,Other,2.1,3,1,2,4.166666666666666,4.5,5.0,10.0,23.7,Critical,0.763
cust_1813,Company_1813,starter,299,2023-05-18,active,2,4,Finance,8.4,3,1,2,4.166666666666666,4.5,5.0,10.0,23.7,Critical,0.763
cust_2355,Company_2355,pro,1999,2023-08-21,active,5,1,Healthcare,3.0,6,1,5,10.416666666666668,9.0,5.0,0.0,24.4,Critical,0.7559999999999999
cust_726,Company_726,starter,299,2023-06-26,active,5,5,Ecommerce,5.6,3,1,3,10.416666666666668,4.5,5.0,5.0,24.9,Critical,0.7509999999999999
cust_2062,Company_2062,growth,799,2023-07-13,active,1,2,Ecommerce,0.7,2,3,3,2.083333333333333,3.0,15.0,5.0,25.1,Critical,0.7490000000000001
cust_2167,Company_2167,starter,299,2023-12-30,active,5,4,Ecommerce,9.1,0,3,4,10.416666666666668,0.0,15.0,0.0,25.4,Critical,0.746
cust_1134,Company_1134,enterprise,4999,2023-10-23,active,1,24,SaaS,3.4,9,2,5,2.083333333333333,13.5,10.0,0.0,25.6,Critical,0.7440000000000001
cust_1297,Company_1297,pro,1999,2023-10-02,active,7,1,Other,6.3,4,1,5,14.583333333333334,6.0,5.0,0.0,25.6,Critical,0.7440000000000001
cust_2466,Company_2466,growth,799,2023-04-01,active,2,3,Ecommerce,3.0,11,1,5,4.166666666666666,16.5,5.0,0.0,25.7,Critical,0.743
cust_956,Company_956,pro,1999,2023-11-07,active,4,1,Other,7.5,5,2,5,8.333333333333332,7.5,10.0,0.0,25.8,Critical,0.742
cust_2812,Company_2812,starter,299,2023-03-14,active,1,2,Ecommerce,5.3,3,2,2,2.083333333333333,4.5,10.0,10.0,26.6,Critical,0.7340000000000001
cust_1477,Company_1477,growth,799,2023-10-27,active,6,4,Finance,2.6,3,2,5,12.5,4.5,10.0,0.0,27.0,Critical,0.73
cust_2471,Company_2471,pro,1999,2023-09-02,active,7,2,Healthcare,7.4,5,1,5,14.583333333333334,7.5,5.0,0.0,27.1,Critical,0.7290000000000001
cust_2623,Company_2623,pro,1999,2023-08-18,active,1,4,Other,4.3,10,1,3,2.083333333333333,15.0,5.0,5.0,27.1,Critical,0.7290000000000001
cust_2411,Company_2411,starter,299,2023-03-06,active,1,3,Other,7.3,0,8,5,2.083333333333333,0.0,25.0,0.0,27.1,Critical,0.7290000000000001
cust_2803,Company_2803,starter,299,2023-06-15,active,6,4,Finance,9.0,0,3,5,12.5,0.0,15.0,0.0,27.5,Critical,0.725
cust_895,Company_895,pro,1999,2023-12-23,active,1,3,Ecommerce,4.7,7,1,2,2.083333333333333,10.5,5.0,10.0,27.6,Critical,0.7240000000000001
cust_1008,Company_1008,starter,299,2023-06-01,active,8,4,Ecommerce,6.2,4,1,4,16.666666666666664,6.0,5.0,0.0,27.7,Critical,0.723
cust_135,Company_135,growth,799,2023-07-11,active,5,4,SaaS,1.4,2,2,3,10.416666666666668,3.0,10.0,5.0,28.4,Critical,0.716
cust_380,Company_380,enterprise,4999,2023-08-18,active,6,11,Ecommerce,8.2,4,1,3,12.5,6.0,5.0,5.0,28.5,Critical,0.715
cust_2029,Company_2029,growth,799,2023-11-22,active,6,3,Other,2.2,4,2,5,12.5,6.0,10.0,0.0,28.5,Critical,0.715
cust_2982,Company_2982,enterprise,4999,2023-02-13,active,2,11,Other,5.1,3,2,2,4.166666666666666,4.5,10.0,10.0,28.7,Critical,0.713
cust_829,Company_829,growth,799,2023-10-19,active,9,5,SaaS,7.8,0,2,5,18.75,0.0,10.0,0.0,28.8,Critical,0.7120000000000001
cust_1108,Company_1108,starter,299,2023-01-06,active,10,2,SaaS,2.8,2,1,4,20.833333333333336,3.0,5.0,0.0,28.8,Critical,0.7120000000000001
cust_1172,Company_1172,starter,299,2023-06-05,active,3,5,Healthcare,3.1,5,3,4,6.25,7.5,15.0,0.0,28.8,Critical,0.7120000000000001
cust_2280,Company_2280,pro,1999,2023-11-26,active,8,3,Finance,6.8,5,1,5,16.666666666666664,7.5,5.0,0.0,29.2,Critical,0.708
cust_452,Company_452,enterprise,4999,2023-09-21,active,4,28,Finance,5.8,4,3,4,8.333333333333332,6.0,15.0,0.0,29.3,Critical,0.7070000000000001
cust_855,Company_855,pro,1999,2023-02-05,active,3,4,Ecommerce,4.6,12,1,5,6.25,18.0,5.0,0.0,29.3,Critical,0.7070000000000001
cust_1300,Company_1300,pro,1999,2023-07-11,active,11,5,Ecommerce,9.4,1,1,4,22.916666666666664,1.5,5.0,0.0,29.4,Critical,0.706
cust_2110,Company_2110,pro,1999,2023-06-07,active,11,1,SaaS,7.5,1,1,5,22.916666666666664,1.5,5.0,0.0,29.4,Critical,0.706
cust_1288,Company_1288,starter,299,2023-08-29,active,5,2,Healthcare,3.2,6,2,4,10.416666666666668,9.0,10.0,0.0,29.4,Critical,0.706
cust_1385,Company_1385,starter,299,2023-10-03,active,5,1,SaaS,4.3,6,2,4,10.416666666666668,9.0,10.0,0.0,29.4,Critical,0.706
cust_430,Company_430,pro,1999,2023-09-11,active,6,4,Finance,2.8,8,1,4,12.5,12.0,5.0,0.0,29.5,Critical,0.705
cust_2609,Company_2609,starter,299,2023-10-04,active,1,5,Healthcare,4.2,5,1,1,2.083333333333333,7.5,5.0,15.0,29.6,Critical,0.7040000000000001
cust_2955,Company_2955,starter,299,2023-03-20,active,1,4,Healthcare,4.0,15,1,4,2.083333333333333,22.5,5.0,0.0,29.6,Critical,0.7040000000000001
cust_1535,Company_1535,growth,799,2023-11-26,active,2,2,Finance,5.3,7,3,5,4.166666666666666,10.5,15.0,0.0,29.7,Critical,0.703
cust_518,Company_518,pro,1999,2023-03-31,active,15,5,Healthcare,3.5,0,1,5,25.0,0.0,5.0,0.0,30.0,Critical,0.7
cust_1957,Company_1957,starter,299,2023-11-11,active,6,5,Healthcare,3.1,5,1,3,12.5,7.5,5.0,5.0,30.0,Critical,0.7
cust_2171,Company_2171,starter,299,2023-06-29,active,2,1,SaaS,5.7,14,1,4,4.166666666666666,21.0,5.0,0.0,30.2,Critical,0.698
cust_2938,Company_2938,growth,799,2023-08-27,active,5,5,Healthcare,4.1,0,4,4,10.416666666666668,0.0,20.0,0.0,30.4,Critical,0.696
cust_237,Company_237,pro,1999,2023-08-17,active,2,5,Healthcare,4.8,1,8,5,4.166666666666666,1.5,25.0,0.0,30.7,Critical,0.693
cust_2946,Company_2946,enterprise,4999,2023-03-24,active,8,27,Other,2.5,3,1,3,16.666666666666664,4.5,5.0,5.0,31.2,Critical,0.688
cust_1053,Company_1053,growth,799,2023-06-19,active,2,2,Healthcare,9.6,8,2,3,4.166666666666666,12.0,10.0,5.0,31.2,Critical,0.688
cust_1041,Company_1041,starter,299,2023-01-30,active,3,5,Healthcare,8.2,0,7,5,6.25,0.0,25.0,0.0,31.3,Critical,0.687
cust_2382,Company_2382,starter,299,2023-12-08,active,4,5,Other,9.3,2,3,3,8.333333333333332,3.0,15.0,5.0,31.3,Critical,0.687
cust_2809,Company_2809,starter,299,2023-01-22,active,3,3,SaaS,8.5,0,7,4,6.25,0.0,25.0,0.0,31.3,Critical,0.687
cust_2402,Company_2402,pro,1999,2023-01-09,active,5,5,SaaS,7.0,4,3,5,10.416666666666668,6.0,15.0,0.0,31.4,Critical,0.6859999999999999
cust_2384,Company_2384,growth,799,2023-09-21,active,22,2,Healthcare,4.1,1,1,4,25.0,1.5,5.0,0.0,31.5,Critical,0.685
cust_2690,Company_2690,growth,799,2023-11-09,active,1,3,Ecommerce,0.9,3,8,5,2.083333333333333,4.5,25.0,0.0,31.6,Critical,0.684
cust_2636,Company_2636,growth,799,2023-01-14,active,3,2,SaaS,1.1,7,2,3,6.25,10.5,10.0,5.0,31.8,Critical,0.682
cust_2256,Company_2256,starter,299,2023-03-19,active,4,2,SaaS,4.0,9,2,5,8.333333333333332,13.5,10.0,0.0,31.8,Critical,0.682
cust_2494,Company_2494,starter,299,2023-03-25,active,10,4,Ecommerce,6.1,4,1,4,20.833333333333336,6.0,5.0,0.0,31.8,Critical,0.682
cust_2674,Company_2674,pro,1999,2023-08-16,active,5,1,SaaS,8.5,1,3,3,10.416666666666668,1.5,15.0,5.0,31.9,Critical,0.6809999999999999
cust_944,Company_944,starter,299,2023-01-06,active,6,4,Healthcare,2.0,3,3,4,12.5,4.5,15.0,0.0,32.0,Critical,0.68
cust_889,Company_889,pro,1999,2023-05-25,active,2,5,Other,1.2,2,7,5,4.166666666666666,3.0,25.0,0.0,32.2,Critical,0.6779999999999999
cust_470,Company_470,starter,299,2023-10-18,active,2,5,Healthcare,6.6,2,5,5,4.166666666666666,3.0,25.0,0.0,32.2,Critical,0.6779999999999999
cust_1730,Company_1730,enterprise,4999,2023-08-01,active,3,22,Ecommerce,0.9,4,4,4,6.25,6.0,20.0,0.0,32.3,Critical,0.677
cust_2519,Company_2519,starter,299,2023-09-02,active,10,1,Ecommerce,6.3,1,2,4,20.833333333333336,1.5,10.0,0.0,32.3,Critical,0.677
cust_206,Company_206,pro,1999,2023-09-12,active,1,4,Other,4.8,7,4,4,2.083333333333333,10.5,20.0,0.0,32.6,Critical,0.674
cust_1711,Company_1711,pro,1999,2023-10-12,active,8,2,Ecommerce,4.9,4,2,5,16.666666666666664,6.0,10.0,0.0,32.7,Critical,0.6729999999999999
cust_682,Company_682,growth,799,2023-06-24,active,3,3,Ecommerce,2.2,1,7,5,6.25,1.5,25.0,0.0,32.8,Critical,0.672
cust_57,Company_57,starter,299,2023-04-20,active,3,3,Other,4.9,1,4,3,6.25,1.5,20.0,5.0,32.8,Critical,0.672
cust_2397,Company_2397,starter,299,2023-08-11,active,4,2,Healthcare,1.3,3,2,2,8.333333333333332,4.5,10.0,10.0,32.8,Critical,0.672
cust_2093,Company_2093,growth,799,2023-04-30,active,11,3,SaaS,7.0,0,2,5,22.916666666666664,0.0,10.0,0.0,32.9,Critical,0.6709999999999999
cust_502,Company_502,pro,1999,2023-08-30,active,20,1,Finance,2.6,2,1,5,25.0,3.0,5.0,0.0,33.0,Critical,0.67
cust_2657,Company_2657,growth,799,2023-03-28,active,20,3,Ecommerce,6.5,2,1,5,25.0,3.0,5.0,0.0,33.0,Critical,0.67
cust_1010,Company_1010,pro,1999,2023-07-12,active,2,3,Ecommerce,8.4,6,4,5,4.166666666666666,9.0,20.0,0.0,33.2,Critical,0.6679999999999999
cust_962,Company_962,starter,299,2023-08-08,active,4,1,Finance,3.6,0,7,5,8.333333333333332,0.0,25.0,0.0,33.3,Critical,0.667
cust_608,Company_608,growth,799,2023-01-23,active,6,5,Ecommerce,2.0,4,3,5,12.5,6.0,15.0,0.0,33.5,Critical,0.665
cust_2449,Company_2449,pro,1999,2023-02-08,active,1,2,SaaS,1.9,11,2,3,2.083333333333333,16.5,10.0,5.0,33.6,Critical,0.664
cust_1074,Company_1074,starter,299,2023-10-01,active,8,2,Finance,9.3,8,1,5,16.666666666666664,12.0,5.0,0.0,33.7,Critical,0.6629999999999999
cust_1905,Company_1905,pro,1999,2023-10-23,active,3,1,Healthcare,6.2,5,1,1,6.25,7.5,5.0,15.0,33.8,Critical,0.662
cust_1717,Company_1717,growth,799,2023-09-10,active,3,2,SaaS,0.5,5,1,1,6.25,7.5,5.0,15.0,33.8,Critical,0.662
cust_1080,Company_1080,starter,299,2023-09-03,active,3,4,Ecommerce,8.2,5,4,4,6.25,7.5,20.0,0.0,33.8,Critical,0.662
cust_960,Company_960,enterprise,4999,2023-06-22,active,7,5,Ecommerce,9.6,3,3,5,14.583333333333334,4.5,15.0,0.0,34.1,Critical,0.659
cust_1412,Company_1412,growth,799,2023-02-01,active,7,5,Other,5.0,3,1,2,14.583333333333334,4.5,5.0,10.0,34.1,Critical,0.659
cust_1461,Company_1461,starter,299,2023-11-21,active,2,2,Ecommerce,4.3,0,8,3,4.166666666666666,0.0,25.0,5.0,34.2,Critical,0.6579999999999999
cust_2194,Company_2194,starter,299,2023-03-16,active,2,5,SaaS,3.8,0,6,3,4.166666666666666,0.0,25.0,5.0,34.2,Critical,0.6579999999999999
cust_718,Company_718,pro,1999,2023-08-23,active,3,2,Finance,9.6,2,2,1,6.25,3.0,10.0,15.0,34.3,Critical,0.657
cust_657,Company_657,growth,799,2023-12-20,active,3,5,Finance,4.9,2,2,1,6.25,3.0,10.0,15.0,34.3,Critical,0.657
cust_327,Company_327,growth,799,2023-11-12,active,5,3,SaaS,5.4,6,3,4,10.416666666666668,9.0,15.0,0.0,34.4,Critical,0.6559999999999999
cust_1427,Company_1427,starter,299,2023-12-28,active,16,5,Other,4.1,3,1,5,25.0,4.5,5.0,0.0,34.5,Critical,0.655
cust_543,Company_543,enterprise,4999,2023-05-25,active,9,29,SaaS,2.7,4,1,3,18.75,6.0,5.0,5.0,34.8,Critical,0.652
cust_4,Company_4,starter,299,2023-07-14,active,4,3,Other,3.0,1,8,4,8.333333333333332,1.5,25.0,0.0,34.8,Critical,0.652
cust_1751,Company_1751,pro,1999,2023-02-13,active,5,5,Other,5.8,3,3,3,10.416666666666668,4.5,15.0,5.0,34.9,Critical,0.6509999999999999
cust_2437,Company_2437,growth,799,2023-01-29,active,23,1,Healthcare,1.5,0,2,4,25.0,0.0,10.0,0.0,35.0,Critical,0.65
cust_1510,Company_1510,starter,299,2023-06-06,active,1,5,Other,4.1,2,3,1,2.083333333333333,3.0,15.0,15.0,35.1,Critical,0.649
cust_574,Company_574,pro,1999,2023-07-15,active,2,1,Finance,5.6,4,6,4,4.166666666666666,6.0,25.0,0.0,35.2,Critical,0.648
cust_1076,Company_1076,enterprise,4999,2023-10-09,active,9,27,Other,3.3,1,1,2,18.75,1.5,5.0,10.0,35.3,Critical,0.647
cust_1719,Company_1719,starter,299,2023-10-26,active,3,5,SaaS,8.3,6,3,3,6.25,9.0,15.0,5.0,35.3,Critical,0.647
cust_1584,Company_1584,growth,799,2023-05-29,active,5,4,Ecommerce,4.5,0,5,5,10.416666666666668,0.0,25.0,0.0,35.4,Critical,0.6459999999999999
cust_460,Company_460,growth,799,2023-02-19,active,6,5,Other,0.6,2,4,5,12.5,3.0,20.0,0.0,35.5,Critical,0.645
cust_1686,Company_1686,growth,799,2023-08-05,active,6,2,Other,7.3,2,2,2,12.5,3.0,10.0,10.0,35.5,Critical,0.645
cust_1166,Company_1166,growth,799,2023-05-26,active,1,5,SaaS,9.2,9,3,3,2.083333333333333,13.5,15.0,5.0,35.6,Critical,0.644
cust_1383,Company_1383,enterprise,4999,2023-07-09,active,10,21,Healthcare,6.9,0,3,4,20.833333333333336,0.0,15.0,0.0,35.8,Critical,0.642
cust_1759,Company_1759,enterprise,4999,2023-08-04,active,3,18,SaaS,1.8,3,1,0,6.25,4.5,5.0,20.0,35.8,Critical,0.642
cust_1898,Company_1898,growth,799,2023-04-11,active,5,5,Finance,2.3,7,3,5,10.416666666666668,10.5,15.0,0.0,35.9,Critical,0.6409999999999999
cust_2708,Company_2708,enterprise,4999,2023-11-28,active,18,25,SaaS,5.4,4,1,5,25.0,6.0,5.0,0.0,36.0,Critical,0.64
cust_2567,Company_2567,growth,799,2023-11-04,active,13,2,Healthcare,4.4,4,1,4,25.0,6.0,5.0,0.0,36.0,Critical,0.64
cust_1639,Company_1639,starter,299,2023-12-27,active,15,4,SaaS,0.6,4,1,4,25.0,6.0,5.0,0.0,36.0,Critical,0.64
cust_14,Company_14,growth,799,2023-08-21,active,1,3,Other,7.7,16,2,5,2.083333333333333,24.0,10.0,0.0,36.1,Critical,0.639
cust_2254,Company_2254,starter,299,2023-09-21,active,1,5,Finance,1.4,6,2,1,2.083333333333333,9.0,10.0,15.0,36.1,Critical,0.639
cust_1184,Company_1184,starter,299,2023-01-28,active,2,2,SaaS,5.6,8,4,4,4.166666666666666,12.0,20.0,0.0,36.2,Critical,0.638
cust_1523,Company_1523,growth,799,2023-04-20,active,4,2,Ecommerce,7.3,2,4,3,8.333333333333332,3.0,20.0,5.0,36.3,Critical,0.637
cust_2830,Company_2830,growth,799,2023-02-05,active,10,5,SaaS,1.8,7,1,4,20.833333333333336,10.5,5.0,0.0,36.3,Critical,0.637
cust_2944,Company_2944,growth,799,2023-01-10,active,4,2,Finance,6.5,2,7,5,8.333333333333332,3.0,25.0,0.0,36.3,Critical,0.637
cust_1234,Company_1234,growth,799,2023-05-04,active,17,5,Finance,4.3,1,2,4,25.0,1.5,10.0,0.0,36.5,Critical,0.635
cust_2695,Company_2695,growth,799,2023-05-24,active,6,4,Finance,9.3,6,2,3,12.5,9.0,10.0,5.0,36.5,Critical,0.635
cust_2750,Company_2750,growth,799,2023-02-18,active,17,5,Finance,5.3,1,2,5,25.0,1.5,10.0,0.0,36.5,Critical,0.635
cust_2791,Company_2791,starter,299,2023-10-15,active,14,1,Healthcare,9.2,1,2,4,25.0,1.5,10.0,0.0,36.5,Critical,0.635
cust_1213,Company_1213,starter,299,2023-08-31,active,1,4,Healthcare,1.0,3,5,3,2.083333333333333,4.5,25.0,5.0,36.6,Critical,0.634
cust_1750,Company_1750,starter,299,2023-04-07,active,1,1,Finance,6.7,13,1,2,2.083333333333333,19.5,5.0,10.0,36.6,Critical,0.634
cust_1522,Company_1522,starter,299,2023-10-03,active,2,4,Other,5.5,5,6,5,4.166666666666666,7.5,25.0,0.0,36.7,Critical,0.633
cust_2521,Company_2521,starter,299,2023-10-31,active,8,1,SaaS,4.5,0,3,3,16.666666666666664,0.0,15.0,5.0,36.7,Critical,0.633
cust_1601,Company_1601,enterprise,4999,2023-06-23,active,3,49,SaaS,5.2,17,1,4,6.25,25.5,5.0,0.0,36.8,Critical,0.632
cust_725,Company_725,starter,299,2023-01-22,active,11,4,Finance,4.0,6,1,5,22.916666666666664,9.0,5.0,0.0,36.9,Critical,0.631
cust_615,Company_615,pro,1999,2023-07-04,active,2,3,Finance,4.0,12,2,3,4.166666666666666,18.0,10.0,5.0,37.2,Critical,0.628
cust_694,Company_694,starter,299,2023-03-15,active,21,4,Healthcare,2.8,5,1,4,25.0,7.5,5.0,0.0,37.5,Critical,0.625
cust_1391,Company_1391,starter,299,2023-05-08,active,6,4,SaaS,9.5,0,7,4,12.5,0.0,25.0,0.0,37.5,Critical,0.625
cust_1337,Company_1337,growth,799,2023-02-03,active,7,5,Ecommerce,7.4,2,3,3,14.583333333333334,3.0,15.0,5.0,37.6,Critical,0.624
cust_712,Company_712,starter,299,2023-08-07,active,9,5,Other,6.0,6,2,4,18.75,9.0,10.0,0.0,37.8,Critical,0.622
cust_2529,Company_2529,pro,1999,2023-08-31,active,11,1,Other,5.7,0,2,3,22.916666666666664,0.0,10.0,5.0,37.9,Critical,0.621
cust_2124,Company_2124,growth,799,2023-09-21,active,5,4,Ecommerce,0.5,5,4,4,10.416666666666668,7.5,20.0,0.0,37.9,Critical,0.621
cust_2389,Company_2389,starter,299,2023-04-06,active,5,1,Ecommerce,1.1,5,4,5,10.416666666666668,7.5,20.0,0.0,37.9,Critical,0.621
cust_1504,Company_1504,enterprise,4999,2023-01-28,active,23,38,SaaS,7.9,2,2,4,25.0,3.0,10.0,0.0,38.0,Critical,0.62
cust_1568,Company_1568,pro,1999,2023-04-13,active,24,2,SaaS,7.3,2,1,3,25.0,3.0,5.0,5.0,38.0,Critical,0.62
cust_1302,Company_1302,starter,299,2023-03-05,active,13,2,Finance,8.7,2,2,4,25.0,3.0,10.0,0.0,38.0,Critical,0.62
cust_2051,Company_2051,starter,299,2023-05-01,active,18,3,Ecommerce,6.6,2,1,3,25.0,3.0,5.0,5.0,38.0,Critical,0.62
cust_3,Company_3,growth,799,2023-05-23,active,1,2,Healthcare,3.7,4,4,2,2.083333333333333,6.0,20.0,10.0,38.1,Critical,0.619
cust_2939,Company_2939,starter,299,2023-09-30,active,1,1,Finance,1.7,14,2,3,2.083333333333333,21.0,10.0,5.0,38.1,Critical,0.619
cust_748,Company_748,starter,299,2023-12-22,active,5,3,Ecommerce,2.5,2,7,5,10.416666666666668,3.0,25.0,0.0,38.4,Critical,0.616
cust_489,Company_489,pro,1999,2023-05-26,active,3,5,Healthcare,8.7,5,4,3,6.25,7.5,20.0,5.0,38.8,Critical,0.612
cust_1956,Company_1956,pro,1999,2023-05-13,active,3,2,SaaS,1.8,15,1,3,6.25,22.5,5.0,5.0,38.8,Critical,0.612
cust_1087,Company_1087,starter,299,2023-06-01,active,4,4,Ecommerce,0.5,7,1,1,8.333333333333332,10.5,5.0,15.0,38.8,Critical,0.612
cust_269,Company_269,enterprise,4999,2023-10-28,active,5,46,Healthcare,9.3,9,3,4,10.416666666666668,13.5,15.0,0.0,38.9,Critical,0.611
cust_996,Company_996,pro,1999,2023-05-08,active,12,4,Other,4.4,6,1,5,25.0,9.0,5.0,0.0,39.0,Critical,0.61
cust_1072,Company_1072,pro,1999,2023-07-25,active,20,2,SaaS,2.0,6,1,4,25.0,9.0,5.0,0.0,39.0,Critical,0.61
cust_1651,Company_1651,enterprise,4999,2023-09-03,active,7,31,Healthcare,5.0,3,3,3,14.583333333333334,4.5,15.0,5.0,39.1,Critical,0.609
cust_1413,Company_1413,pro,1999,2023-02-07,active,7,4,SaaS,5.0,3,4,4,14.583333333333334,4.5,20.0,0.0,39.1,Critical,0.609
cust_2400,Company_2400,starter,299,2023-07-30,active,1,4,Other,6.3,8,5,4,2.083333333333333,12.0,25.0,0.0,39.1,Critical,0.609
cust_2238,Company_2238,growth,799,2023-09-20,active,2,3,Other,4.5,29,1,5,4.166666666666666,30.0,5.0,0.0,39.2,Critical,0.608
cust_2617,Company_2617,growth,799,2023-07-26,active,2,4,Ecommerce,1.9,10,4,4,4.166666666666666,15.0,20.0,0.0,39.2,Critical,0.608
cust_602,Company_602,starter,299,2023-08-22,active,2,2,Other,5.6,23,1,4,4.166666666666666,30.0,5.0,0.0,39.2,Critical,0.608
cust_2902,Company_2902,enterprise,4999,2023-03-01,active,4,33,Finance,1.8,4,8,5,8.333333333333332,6.0,25.0,0.0,39.3,Critical,0.607
cust_1545,Company_1545,starter,299,2023-07-24,active,5,2,Ecommerce,2.6,6,4,5,10.416666666666668,9.0,20.0,0.0,39.4,Critical,0.606
cust_244,Company_244,pro,1999,2023-08-03,active,20,1,Ecommerce,2.5,3,1,3,25.0,4.5,5.0,5.0,39.5,Critical,0.605
cust_1032,Company_1032,pro,1999,2023-06-11,active,14,5,Ecommerce,1.2,3,2,5,25.0,4.5,10.0,0.0,39.5,Critical,0.605
cust_1313,Company_1313,pro,1999,2023-03-24,active,17,2,Ecommerce,4.7,3,1,3,25.0,4.5,5.0,5.0,39.5,Critical,0.605
cust_1787,Company_1787,pro,1999,2023-01-04,active,16,2,Healthcare,8.9,3,2,4,25.0,4.5,10.0,0.0,39.5,Critical,0.605
cust_1488,Company_1488,starter,299,2023-11-12,active,18,2,Finance,8.4,3,2,5,25.0,4.5,10.0,0.0,39.5,Critical,0.605
cust_2435,Company_2435,starter,299,2023-04-16,active,15,3,Other,2.1,3,1,3,25.0,4.5,5.0,5.0,39.5,Critical,0.605
cust_751,Company_751,pro,1999,2023-11-05,active,7,2,Ecommerce,6.9,0,2,1,14.583333333333334,0.0,10.0,15.0,39.6,Critical,0.604
cust_836,Company_836,pro,1999,2023-10-03,active,7,4,Ecommerce,5.0,0,2,1,14.583333333333334,0.0,10.0,15.0,39.6,Critical,0.604
cust_1803,Company_1803,starter,299,2023-01-06,active,1,1,SaaS,1.3,5,2,0,2.083333333333333,7.5,10.0,20.0,39.6,Critical,0.604
cust_2751,Company_2751,growth,799,2023-09-03,active,8,2,Other,1.3,2,2,2,16.666666666666664,3.0,10.0,10.0,39.7,Critical,0.603
cust_323,Company_323,starter,299,2023-11-27,active,2,2,Healthcare,4.2,7,8,5,4.166666666666666,10.5,25.0,0.0,39.7,Critical,0.603
cust_291,Company_291,growth,799,2023-09-01,active,4,4,Finance,1.1,1,2,0,8.333333333333332,1.5,10.0,20.0,39.8,Critical,0.602
cust_1403,Company_1403,growth,799,2023-07-16,active,9,1,Ecommerce,6.0,4,1,2,18.75,6.0,5.0,10.0,39.8,Critical,0.602
cust_677,Company_677,growth,799,2023-02-25,active,5,4,Ecommerce,6.3,3,8,5,10.416666666666668,4.5,25.0,0.0,39.9,Critical,0.601
cust_1086,Company_1086,starter,299,2023-09-03,active,5,5,Finance,6.5,3,1,0,10.416666666666668,4.5,5.0,20.0,39.9,Critical,0.601
cust_1317,Company_1317,enterprise,4999,2023-03-11,active,6,31,SaaS,3.5,5,3,3,12.5,7.5,15.0,5.0,40.0,Critical,0.6
cust_2961,Company_2961,growth,799,2023-06-26,active,22,1,Ecommerce,5.8,0,2,3,25.0,0.0,10.0,5.0,40.0,Critical,0.6
cust_640,Company_640,starter,299,2023-07-06,active,13,3,Finance,4.8,0,2,3,25.0,0.0,10.0,5.0,40.0,Critical,0.6
cust_2368,Company_2368,starter,299,2023-07-15,active,17,4,Ecommerce,1.0,0,3,4,25.0,0.0,15.0,0.0,40.0,Critical,0.6
cust_1998,Company_1998,growth,799,2023-03-06,active,1,5,Ecommerce,3.0,12,4,4,2.083333333333333,18.0,20.0,0.0,40.1,Critical,0.599
cust_2002,Company_2002,growth,799,2023-04-30,active,7,4,SaaS,3.7,7,1,2,14.583333333333334,10.5,5.0,10.0,40.1,Critical,0.599
cust_2077,Company_2077,starter,299,2023-08-14,active,2,2,Ecommerce,0.9,14,2,3,4.166666666666666,21.0,10.0,5.0,40.2,Critical,0.598
cust_2128,Company_2128,starter,299,2023-04-17,active,2,2,Ecommerce,8.6,4,8,3,4.166666666666666,6.0,25.0,5.0,40.2,Critical,0.598
cust_1855,Company_1855,pro,1999,2023-01-09,active,10,3,Healthcare,8.9,3,3,5,20.833333333333336,4.5,15.0,0.0,40.3,Critical,0.597
cust_2166,Company_2166,pro,1999,2023-12-22,active,3,2,SaaS,2.4,6,7,4,6.25,9.0,25.0,0.0,40.3,Critical,0.597
cust_978,Company_978,growth,799,2023-09-04,active,3,4,Ecommerce,2.0,6,1,0,6.25,9.0,5.0,20.0,40.3,Critical,0.597
cust_1974,Company_1974,growth,799,2023-08-28,active,4,1,SaaS,7.6,8,4,4,8.333333333333332,12.0,20.0,0.0,40.3,Critical,0.597
cust_274,Company_274,starter,299,2023-11-21,active,5,3,Finance,1.5,0,5,3,10.416666666666668,0.0,25.0,5.0,40.4,Critical,0.596
cust_719,Company_719,starter,299,2023-12-23,active,5,2,Other,9.5,0,5,3,10.416666666666668,0.0,25.0,5.0,40.4,Critical,0.596
cust_1656,Company_1656,pro,1999,2023-11-22,active,6,5,Finance,5.2,2,7,4,12.5,3.0,25.0,0.0,40.5,Critical,0.595
cust_2618,Company_2618,enterprise,4999,2023-12-14,active,1,18,Finance,7.3,9,8,5,2.083333333333333,13.5,25.0,0.0,40.6,Critical,0.594
cust_22,Company_22,pro,1999,2023-07-28,active,7,4,Finance,4.5,14,1,5,14.583333333333334,21.0,5.0,0.0,40.6,Critical,0.594
cust_2873,Company_2873,growth,799,2023-08-23,active,1,5,Other,1.8,9,8,4,2.083333333333333,13.5,25.0,0.0,40.6,Critical,0.594
cust_1242,Company_1242,pro,1999,2023-05-08,active,2,2,Healthcare,2.2,1,6,2,4.166666666666666,1.5,25.0,10.0,40.7,Critical,0.593
cust_371,Company_371,pro,1999,2023-10-08,active,3,5,Healthcare,7.2,13,3,4,6.25,19.5,15.0,0.0,40.8,Critical,0.5920000000000001
cust_1476,Company_1476,pro,1999,2023-06-24,active,9,1,Healthcare,8.5,8,2,5,18.75,12.0,10.0,0.0,40.8,Critical,0.5920000000000001
cust_1567,Company_1567,pro,1999,2023-11-13,active,3,4,Finance,8.0,3,2,0,6.25,4.5,10.0,20.0,40.8,Critical,0.5920000000000001
cust_815,Company_815,growth,799,2023-03-17,active,4,2,Finance,2.2,5,5,4,8.333333333333332,7.5,25.0,0.0,40.8,Critical,0.5920000000000001
cust_828,Company_828,growth,799,2023-10-10,active,3,5,SaaS,5.4,13,2,3,6.25,19.5,10.0,5.0,40.8,Critical,0.5920000000000001
cust_1600,Company_1600,starter,299,2023-02-04,active,5,5,Ecommerce,9.4,7,2,2,10.416666666666668,10.5,10.0,10.0,40.9,Critical,0.591
cust_270,Company_270,starter,299,2023-07-19,active,22,3,Healthcare,7.7,4,2,4,25.0,6.0,10.0,0.0,41.0,Critical,0.59
cust_2549,Company_2549,starter,299,2023-06-11,active,21,1,Finance,5.9,4,2,5,25.0,6.0,10.0,0.0,41.0,Critical,0.59
cust_1923,Company_1923,pro,1999,2023-03-06,active,7,1,Finance,6.4,1,7,5,14.583333333333334,1.5,25.0,0.0,41.1,Critical,0.589
cust_2082,Company_2082,pro,1999,2023-02-12,active,7,1,SaaS,2.9,1,3,2,14.583333333333334,1.5,15.0,10.0,41.1,Critical,0.589
cust_524,Company_524,starter,299,2023-10-18,active,2,2,SaaS,2.5,8,8,5,4.166666666666666,12.0,25.0,0.0,41.2,Critical,0.588
cust_1975,Company_1975,pro,1999,2023-10-10,active,3,5,Finance,6.0,10,4,5,6.25,15.0,20.0,0.0,41.3,Critical,0.5870000000000001
cust_109,Company_109,growth,799,2023-08-24,active,9,4,Finance,6.9,5,2,3,18.75,7.5,10.0,5.0,41.3,Critical,0.5870000000000001
cust_2774,Company_2774,starter,299,2023-12-04,active,10,3,Other,7.6,7,1,3,20.833333333333336,10.5,5.0,5.0,41.3,Critical,0.5870000000000001
cust_2969,Company_2969,starter,299,2023-02-18,active,3,3,Finance,8.4,10,4,5,6.25,15.0,20.0,0.0,41.3,Critical,0.5870000000000001
cust_393,Company_393,pro,1999,2023-05-13,active,24,1,Finance,0.8,1,3,4,25.0,1.5,15.0,0.0,41.5,Critical,0.585
cust_767,Company_767,pro,1999,2023-03-02,active,13,4,Healthcare,4.9,1,3,4,25.0,1.5,15.0,0.0,41.5,Critical,0.585
cust_2121,Company_2121,pro,1999,2023-12-20,active,16,1,Healthcare,5.8,1,1,2,25.0,1.5,5.0,10.0,41.5,Critical,0.585
cust_1368,Company_1368,growth,799,2023-11-11,active,24,4,SaaS,4.9,1,2,3,25.0,1.5,10.0,5.0,41.5,Critical,0.585
cust_120,Company_120,starter,299,2023-02-02,active,21,3,Healthcare,1.6,1,1,2,25.0,1.5,5.0,10.0,41.5,Critical,0.585
cust_2129,Company_2129,starter,299,2023-03-07,active,23,2,Finance,7.3,1,3,4,25.0,1.5,15.0,0.0,41.5,Critical,0.585
cust_1446,Company_1446,enterprise,4999,2023-08-01,active,7,6,Other,3.9,8,2,3,14.583333333333334,12.0,10.0,5.0,41.6,Critical,0.584
cust_1705,Company_1705,starter,299,2023-06-05,active,1,2,Healthcare,5.9,13,3,3,2.083333333333333,19.5,15.0,5.0,41.6,Critical,0.584
cust_1539,Company_1539,pro,1999,2023-03-03,active,8,1,Other,5.7,0,8,4,16.666666666666664,0.0,25.0,0.0,41.7,Critical,0.583
cust_1680,Company_1680,growth,799,2023-10-16,active,8,1,Healthcare,7.3,0,7,4,16.666666666666664,0.0,25.0,0.0,41.7,Critical,0.583
cust_545,Company_545,starter,299,2023-03-16,active,2,4,SaaS,5.7,5,4,2,4.166666666666666,7.5,20.0,10.0,41.7,Critical,0.583
cust_1298,Company_1298,starter,299,2023-07-14,active,3,3,Finance,7.8,17,2,5,6.25,25.5,10.0,0.0,41.8,Critical,0.5820000000000001
cust_1060,Company_1060,starter,299,2023-04-09,active,5,5,Ecommerce,1.4,1,7,3,10.416666666666668,1.5,25.0,5.0,41.9,Critical,0.581
cust_1754,Company_1754,starter,299,2023-07-14,active,5,4,SaaS,9.8,11,2,3,10.416666666666668,16.5,10.0,5.0,41.9,Critical,0.581
cust_1673,Company_1673,growth,799,2023-01-09,active,6,5,Finance,8.2,3,2,1,12.5,4.5,10.0,15.0,42.0,Critical,0.58
cust_2810,Company_2810,growth,799,2023-08-04,active,6,5,Healthcare,7.9,3,1,0,12.5,4.5,5.0,20.0,42.0,Critical,0.58
cust_774,Company_774,starter,299,2023-08-24,active,22,5,Other,9.1,8,1,5,25.0,12.0,5.0,0.0,42.0,Critical,0.58
cust_1349,Company_1349,starter,299,2023-01-05,active,6,3,Finance,6.7,3,3,2,12.5,4.5,15.0,10.0,42.0,Critical,0.58
cust_2360,Company_2360,enterprise,4999,2023-06-28,active,7,41,Healthcare,9.7,5,3,3,14.583333333333334,7.5,15.0,5.0,42.1,Critical,0.579
cust_886,Company_886,pro,1999,2023-09-14,active,7,2,Finance,5.6,5,4,4,14.583333333333334,7.5,20.0,0.0,42.1,Critical,0.579
cust_938,Company_938,growth,799,2023-10-13,active,1,5,Ecommerce,3.4,23,1,3,2.083333333333333,30.0,5.0,5.0,42.1,Critical,0.579
cust_175,Company_175,starter,299,2023-08-08,active,1,2,Other,4.5,21,2,4,2.083333333333333,30.0,10.0,0.0,42.1,Critical,0.579
cust_2910,Company_2910,pro,1999,2023-10-24,active,3,2,Other,7.2,14,1,2,6.25,21.0,5.0,10.0,42.3,Critical,0.5770000000000001
cust_765,Company_765,starter,299,2023-11-16,active,4,5,Healthcare,8.0,6,5,5,8.333333333333332,9.0,25.0,0.0,42.3,Critical,0.5770000000000001
cust_2027,Company_2027,pro,1999,2023-02-08,active,5,2,SaaS,2.4,8,4,5,10.416666666666668,12.0,20.0,0.0,42.4,Critical,0.5760000000000001
cust_84,Company_84,growth,799,2023-05-16,active,22,2,Ecommerce,5.7,5,1,3,25.0,7.5,5.0,5.0,42.5,Critical,0.575
cust_116,Company_116,growth,799,2023-05-20,active,6,4,Finance,7.6,10,2,3,12.5,15.0,10.0,5.0,42.5,Critical,0.575
cust_2580,Company_2580,growth,799,2023-07-18,active,6,4,Other,6.4,0,7,3,12.5,0.0,25.0,5.0,42.5,Critical,0.575
cust_347,Company_347,starter,299,2023-05-08,active,12,1,Finance,3.0,5,1,3,25.0,7.5,5.0,5.0,42.5,Critical,0.575
cust_997,Company_997,enterprise,4999,2023-06-14,active,1,3,Finance,6.9,7,8,3,2.083333333333333,10.5,25.0,5.0,42.6,Critical,0.574
cust_193,Company_193,starter,299,2023-09-10,active,1,5,Finance,4.9,17,3,4,2.083333333333333,25.5,15.0,0.0,42.6,Critical,0.574
cust_1775,Company_1775,growth,799,2023-07-16,active,8,5,Other,6.6,4,2,2,16.666666666666664,6.0,10.0,10.0,42.7,Critical,0.573
cust_1941,Company_1941,growth,799,2023-07-21,active,2,1,Ecommerce,0.7,9,4,3,4.166666666666666,13.5,20.0,5.0,42.7,Critical,0.573
cust_799,Company_799,growth,799,2023-03-10,active,9,5,Finance,8.1,6,2,3,18.75,9.0,10.0,5.0,42.8,Critical,0.5720000000000001
cust_1163,Company_1163,growth,799,2023-07-17,active,10,5,Ecommerce,1.5,8,2,4,20.833333333333336,12.0,10.0,0.0,42.8,Critical,0.5720000000000001
cust_620,Company_620,starter,299,2023-11-17,active,4,2,Other,10.0,13,1,2,8.333333333333332,19.5,5.0,10.0,42.8,Critical,0.5720000000000001
cust_1219,Company_1219,enterprise,4999,2023-07-01,active,5,47,Healthcare,3.1,5,6,4,10.416666666666668,7.5,25.0,0.0,42.9,Critical,0.5710000000000001
cust_453,Company_453,pro,1999,2023-01-03,active,11,2,SaaS,2.0,10,1,5,22.916666666666664,15.0,5.0,0.0,42.9,Critical,0.5710000000000001
cust_2017,Company_2017,starter,299,2023-06-09,active,11,3,Healthcare,7.7,10,1,4,22.916666666666664,15.0,5.0,0.0,42.9,Critical,0.5710000000000001
cust_1208,Company_1208,growth,799,2023-01-04,active,15,5,Healthcare,8.5,2,1,2,25.0,3.0,5.0,10.0,43.0,Critical,0.57
cust_2483,Company_2483,growth,799,2023-03-07,active,15,4,Ecommerce,5.6,2,3,4,25.0,3.0,15.0,0.0,43.0,Critical,0.57
cust_661,Company_661,starter,299,2023-01-27,active,22,5,SaaS,3.2,2,3,4,25.0,3.0,15.0,0.0,43.0,Critical,0.57
cust_1444,Company_1444,starter,299,2023-08-13,active,13,4,Other,8.2,2,3,4,25.0,3.0,15.0,0.0,43.0,Critical,0.57
cust_472,Company_472,starter,299,2023-02-05,active,7,4,Finance,6.4,9,3,4,14.583333333333334,13.5,15.0,0.0,43.1,Critical,0.569
cust_2412,Company_2412,growth,799,2023-06-16,active,8,3,Finance,4.1,1,5,5,16.666666666666664,1.5,25.0,0.0,43.2,Critical,0.568
cust_168,Company_168,pro,1999,2023-03-12,active,9,4,Finance,5.8,3,2,2,18.75,4.5,10.0,10.0,43.3,Critical,0.5670000000000001
cust_303,Company_303,growth,799,2023-10-21,active,4,5,Finance,5.6,24,1,5,8.333333333333332,30.0,5.0,0.0,43.3,Critical,0.5670000000000001
cust_1804,Company_1804,growth,799,2023-09-04,active,4,5,Finance,1.0,20,1,5,8.333333333333332,30.0,5.0,0.0,43.3,Critical,0.5670000000000001
cust_2215,Company_2215,growth,799,2023-08-09,active,3,5,Ecommerce,9.5,8,6,4,6.25,12.0,25.0,0.0,43.3,Critical,0.5670000000000001
cust_2489,Company_2489,starter,299,2023-04-06,active,3,3,Ecommerce,6.4,8,5,4,6.25,12.0,25.0,0.0,43.3,Critical,0.5670000000000001
cust_2504,Company_2504,starter,299,2023-03-13,active,4,1,Finance,2.8,26,1,4,8.333333333333332,30.0,5.0,0.0,43.3,Critical,0.5670000000000001
cust_76,Company_76,enterprise,4999,2023-10-09,active,11,30,Finance,3.4,7,2,5,22.916666666666664,10.5,10.0,0.0,43.4,Critical,0.5660000000000001
cust_1364,Company_1364,pro,1999,2023-01-07,active,6,5,Other,4.1,14,1,3,12.5,21.0,5.0,5.0,43.5,Critical,0.565
cust_1369,Company_1369,growth,799,2023-01-26,active,20,3,Healthcare,3.7,9,1,4,25.0,13.5,5.0,0.0,43.5,Critical,0.565
cust_1620,Company_1620,pro,1999,2023-09-03,active,7,1,Finance,9.7,6,4,5,14.583333333333334,9.0,20.0,0.0,43.6,Critical,0.564
cust_2705,Company_2705,growth,799,2023-10-09,active,7,5,Other,4.7,6,1,1,14.583333333333334,9.0,5.0,15.0,43.6,Critical,0.564
cust_2020,Company_2020,pro,1999,2023-01-28,active,4,3,Other,6.3,7,1,0,8.333333333333332,10.5,5.0,20.0,43.8,Critical,0.562
cust_2720,Company_2720,growth,799,2023-05-30,active,9,4,Other,8.2,0,4,3,18.75,0.0,20.0,5.0,43.8,Critical,0.562
cust_1107,Company_1107,starter,299,2023-02-23,active,3,3,SaaS,2.8,5,2,0,6.25,7.5,10.0,20.0,43.8,Critical,0.562
cust_881,Company_881,enterprise,4999,2023-12-14,active,6,21,Ecommerce,0.8,1,5,3,12.5,1.5,25.0,5.0,44.0,Critical,0.56
cust_376,Company_376,growth,799,2023-07-18,active,6,4,Finance,2.3,1,5,3,12.5,1.5,25.0,5.0,44.0,Critical,0.56
cust_2648,Company_2648,growth,799,2023-12-30,active,6,5,Finance,6.7,1,3,1,12.5,1.5,15.0,15.0,44.0,Critical,0.56
cust_2886,Company_2886,starter,299,2023-12-18,active,7,2,Other,6.5,3,5,4,14.583333333333334,4.5,25.0,0.0,44.1,Critical,0.5589999999999999
cust_1597,Company_1597,enterprise,4999,2023-03-05,active,2,36,Healthcare,4.0,10,7,4,4.166666666666666,15.0,25.0,0.0,44.2,Critical,0.5579999999999999
cust_155,Company_155,growth,799,2023-01-20,active,2,3,SaaS,6.6,27,2,4,4.166666666666666,30.0,10.0,0.0,44.2,Critical,0.5579999999999999
cust_202,Company_202,growth,799,2023-12-19,active,2,4,Healthcare,4.9,10,3,2,4.166666666666666,15.0,15.0,10.0,44.2,Critical,0.5579999999999999
cust_1992,Company_1992,growth,799,2023-05-17,active,2,2,SaaS,3.0,25,2,4,4.166666666666666,30.0,10.0,0.0,44.2,Critical,0.5579999999999999
cust_969,Company_969,starter,299,2023-11-25,active,2,5,Healthcare,7.5,10,3,2,4.166666666666666,15.0,15.0,10.0,44.2,Critical,0.5579999999999999
cust_2339,Company_2339,starter,299,2023-08-07,active,2,5,Finance,8.4,25,2,4,4.166666666666666,30.0,10.0,0.0,44.2,Critical,0.5579999999999999
cust_2114,Company_2114,pro,1999,2023-04-06,active,3,5,Healthcare,3.5,12,1,1,6.25,18.0,5.0,15.0,44.3,Critical,0.557
cust_2094,Company_2094,starter,299,2023-08-13,active,11,5,Finance,8.8,1,1,1,22.916666666666664,1.5,5.0,15.0,44.4,Critical,0.556
cust_1756,Company_1756,growth,799,2023-02-21,active,12,3,Finance,3.5,3,3,4,25.0,4.5,15.0,0.0,44.5,Critical,0.555
cust_861,Company_861,starter,299,2023-10-04,active,19,3,Healthcare,9.9,3,1,2,25.0,4.5,5.0,10.0,44.5,Critical,0.555
cust_1468,Company_1468,starter,299,2023-04-28,active,23,5,Ecommerce,4.1,3,3,5,25.0,4.5,15.0,0.0,44.5,Critical,0.555
cust_2201,Company_2201,starter,299,2023-12-22,active,12,1,Ecommerce,4.0,3,3,4,25.0,4.5,15.0,0.0,44.5,Critical,0.555
cust_1424,Company_1424,pro,1999,2023-04-14,active,7,3,Finance,8.4,0,6,3,14.583333333333334,0.0,25.0,5.0,44.6,Critical,0.5539999999999999
cust_1332,Company_1332,growth,799,2023-10-20,active,1,4,Other,6.5,15,3,3,2.083333333333333,22.5,15.0,5.0,44.6,Critical,0.5539999999999999
cust_2131,Company_2131,pro,1999,2023-11-01,active,8,4,Healthcare,4.9,12,2,4,16.666666666666664,18.0,10.0,0.0,44.7,Critical,0.5529999999999999
cust_2459,Company_2459,growth,799,2023-06-07,active,8,2,Healthcare,3.3,2,5,4,16.666666666666664,3.0,25.0,0.0,44.7,Critical,0.5529999999999999
cust_1258,Company_1258,pro,1999,2023-05-22,active,9,2,Ecommerce,6.5,4,1,1,18.75,6.0,5.0,15.0,44.8,Critical,0.552
cust_2233,Company_2233,pro,1999,2023-07-31,active,4,5,Ecommerce,9.3,1,7,2,8.333333333333332,1.5,25.0,10.0,44.8,Critical,0.552
cust_315,Company_315,growth,799,2023-05-09,active,3,2,SaaS,4.3,9,4,3,6.25,13.5,20.0,5.0,44.8,Critical,0.552
cust_427,Company_427,enterprise,4999,2023-02-27,active,14,5,Finance,6.7,0,4,5,25.0,0.0,20.0,0.0,45.0,Critical,0.55
cust_2879,Company_2879,enterprise,4999,2023-09-18,active,6,45,Other,6.2,15,2,5,12.5,22.5,10.0,0.0,45.0,Critical,0.55
cust_74,Company_74,pro,1999,2023-09-08,active,18,4,Healthcare,4.8,0,2,2,25.0,0.0,10.0,10.0,45.0,Critical,0.55
cust_485,Company_485,pro,1999,2023-08-14,active,6,5,Finance,2.5,5,3,2,12.5,7.5,15.0,10.0,45.0,Critical,0.55
cust_1821,Company_1821,pro,1999,2023-09-20,active,19,5,Other,9.2,0,4,5,25.0,0.0,20.0,0.0,45.0,Critical,0.55
cust_2813,Company_2813,pro,1999,2023-12-04,active,6,2,Other,1.9,5,3,2,12.5,7.5,15.0,10.0,45.0,Critical,0.55
cust_1083,Company_1083,growth,799,2023-01-07,active,20,4,SaaS,1.5,0,1,1,25.0,0.0,5.0,15.0,45.0,Critical,0.55
cust_1830,Company_1830,growth,799,2023-06-21,active,14,2,Other,5.5,0,4,5,25.0,0.0,20.0,0.0,45.0,Critical,0.55
cust_2317,Company_2317,growth,799,2023-10-01,active,6,5,SaaS,3.8,5,8,4,12.5,7.5,25.0,0.0,45.0,Critical,0.55
cust_2554,Company_2554,growth,799,2023-06-07,active,20,4,Other,3.3,0,4,5,25.0,0.0,20.0,0.0,45.0,Critical,0.55
cust_611,Company_611,starter,299,2023-12-04,active,16,4,SaaS,6.2,0,4,4,25.0,0.0,20.0,0.0,45.0,Critical,0.55
cust_2224,Company_2224,pro,1999,2023-03-23,active,7,5,Ecommerce,6.4,7,1,1,14.583333333333334,10.5,5.0,15.0,45.1,Critical,0.5489999999999999
cust_466,Company_466,starter,299,2023-12-05,active,1,5,Ecommerce,1.8,12,5,5,2.083333333333333,18.0,25.0,0.0,45.1,Critical,0.5489999999999999
cust_1229,Company_1229,starter,299,2023-03-13,active,1,4,Other,5.7,2,6,1,2.083333333333333,3.0,25.0,15.0,45.1,Critical,0.5489999999999999
cust_308,Company_308,enterprise,4999,2023-07-30,active,2,42,Ecommerce,7.2,4,4,1,4.166666666666666,6.0,20.0,15.0,45.2,Critical,0.5479999999999999
cust_709,Company_709,starter,299,2023-06-01,active,8,1,SaaS,5.1,9,3,5,16.666666666666664,13.5,15.0,0.0,45.2,Critical,0.5479999999999999
cust_705,Company_705,enterprise,4999,2023-04-28,active,3,34,Healthcare,8.7,6,8,3,6.25,9.0,25.0,5.0,45.3,Critical,0.547
cust_957,Company_957,pro,1999,2023-12-13,active,9,3,Ecommerce,2.6,1,4,3,18.75,1.5,20.0,5.0,45.3,Critical,0.547
cust_2601,Company_2601,enterprise,4999,2023-08-01,active,5,21,SaaS,9.3,28,1,5,10.416666666666668,30.0,5.0,0.0,45.4,Critical,0.546
cust_127,Company_127,pro,1999,2023-03-16,active,5,2,SaaS,6.8,0,3,0,10.416666666666668,0.0,15.0,20.0,45.4,Critical,0.546
cust_1642,Company_1642,starter,299,2023-02-26,active,22,1,Ecommerce,5.1,7,1,3,25.0,10.5,5.0,5.0,45.5,Critical,0.545
cust_2669,Company_2669,starter,299,2023-11-23,active,6,4,Other,7.1,2,3,1,12.5,3.0,15.0,15.0,45.5,Critical,0.545
cust_394,Company_394,pro,1999,2023-04-20,active,8,2,Finance,6.7,16,1,5,16.666666666666664,24.0,5.0,0.0,45.7,Critical,0.5429999999999999
cust_1688,Company_1688,growth,799,2023-04-06,active,8,3,Ecommerce,7.8,16,1,4,16.666666666666664,24.0,5.0,0.0,45.7,Critical,0.5429999999999999
cust_2087,Company_2087,enterprise,4999,2023-11-19,active,10,9,Other,1.0,10,1,3,20.833333333333336,15.0,5.0,5.0,45.8,Critical,0.542
cust_2571,Company_2571,enterprise,4999,2023-03-15,active,10,24,Ecommerce,4.4,0,2,1,20.833333333333336,0.0,10.0,15.0,45.8,Critical,0.542
cust_1713,Company_1713,growth,799,2023-12-06,active,3,1,Healthcare,4.4,13,3,3,6.25,19.5,15.0,5.0,45.8,Critical,0.542
cust_2924,Company_2924,growth,799,2023-09-24,active,4,3,Other,9.7,5,4,2,8.333333333333332,7.5,20.0,10.0,45.8,Critical,0.542
cust_1638,Company_1638,starter,299,2023-11-20,active,4,3,Ecommerce,6.2,15,1,2,8.333333333333332,22.5,5.0,10.0,45.8,Critical,0.542
cust_2600,Company_2600,starter,299,2023-08-18,active,10,1,Finance,5.2,0,8,5,20.833333333333336,0.0,25.0,0.0,45.8,Critical,0.542
cust_1371,Company_1371,pro,1999,2023-09-30,active,24,2,SaaS,5.6,4,3,5,25.0,6.0,15.0,0.0,46.0,Critical,0.54
cust_1881,Company_1881,pro,1999,2023-07-26,active,16,4,Other,7.9,4,1,2,25.0,6.0,5.0,10.0,46.0,Critical,0.54
cust_198,Company_198,growth,799,2023-11-11,active,18,2,Other,9.4,4,3,5,25.0,6.0,15.0,0.0,46.0,Critical,0.54
cust_785,Company_785,growth,799,2023-08-12,active,14,1,Ecommerce,2.0,4,1,2,25.0,6.0,5.0,10.0,46.0,Critical,0.54
cust_1886,Company_1886,growth,799,2023-11-08,active,18,5,SaaS,9.6,4,1,2,25.0,6.0,5.0,10.0,46.0,Critical,0.54
cust_249,Company_249,starter,299,2023-07-12,active,6,4,Ecommerce,8.6,9,3,3,12.5,13.5,15.0,5.0,46.0,Critical,0.54
cust_641,Company_641,starter,299,2023-09-03,active,15,3,Finance,6.2,4,2,3,25.0,6.0,10.0,5.0,46.0,Critical,0.54
cust_2125,Company_2125,starter,299,2023-03-07,active,21,2,Ecommerce,6.8,4,1,2,25.0,6.0,5.0,10.0,46.0,Critical,0.54
cust_1239,Company_1239,enterprise,4999,2023-01-14,active,7,25,SaaS,5.7,1,7,3,14.583333333333334,1.5,25.0,5.0,46.1,Critical,0.539
cust_2528,Company_2528,growth,799,2023-12-21,active,7,5,Finance,2.2,1,5,3,14.583333333333334,1.5,25.0,5.0,46.1,Critical,0.539
cust_1408,Company_1408,pro,1999,2023-09-26,active,8,3,SaaS,4.3,3,6,4,16.666666666666664,4.5,25.0,0.0,46.2,Critical,0.5379999999999999
cust_1841,Company_1841,pro,1999,2023-07-02,active,2,5,Other,2.2,18,2,3,4.166666666666666,27.0,10.0,5.0,46.2,Critical,0.5379999999999999
cust_2778,Company_2778,growth,799,2023-07-14,active,2,2,SaaS,9.5,8,7,3,4.166666666666666,12.0,25.0,5.0,46.2,Critical,0.5379999999999999
cust_607,Company_607,pro,1999,2023-02-16,active,4,3,SaaS,5.5,12,3,3,8.333333333333332,18.0,15.0,5.0,46.3,Critical,0.537
cust_1138,Company_1138,pro,1999,2023-02-23,active,3,5,Healthcare,1.5,23,2,5,6.25,30.0,10.0,0.0,46.3,Critical,0.537
cust_2988,Company_2988,pro,1999,2023-01-29,active,9,1,SaaS,8.2,5,1,1,18.75,7.5,5.0,15.0,46.3,Critical,0.537
cust_551,Company_551,growth,799,2023-07-10,active,3,4,SaaS,7.0,10,1,0,6.25,15.0,5.0,20.0,46.3,Critical,0.537
cust_853,Company_853,growth,799,2023-05-06,active,5,5,Healthcare,8.0,4,7,3,10.416666666666668,6.0,25.0,5.0,46.4,Critical,0.536
cust_2065,Company_2065,starter,299,2023-09-19,active,11,1,Healthcare,5.1,9,2,5,22.916666666666664,13.5,10.0,0.0,46.4,Critical,0.536
cust_2755,Company_2755,enterprise,4999,2023-02-06,active,12,12,Ecommerce,0.6,1,1,1,25.0,1.5,5.0,15.0,46.5,Critical,0.535
cust_562,Company_562,pro,1999,2023-08-01,active,12,1,Other,3.0,1,2,2,25.0,1.5,10.0,10.0,46.5,Critical,0.535
cust_786,Company_786,pro,1999,2023-05-23,active,22,1,Healthcare,7.9,1,2,2,25.0,1.5,10.0,10.0,46.5,Critical,0.535
cust_493,Company_493,growth,799,2023-03-08,active,20,1,Healthcare,5.5,11,1,5,25.0,16.5,5.0,0.0,46.5,Critical,0.535
cust_2075,Company_2075,growth,799,2023-01-31,active,12,1,SaaS,1.6,11,1,4,25.0,16.5,5.0,0.0,46.5,Critical,0.535
cust_2212,Company_2212,growth,799,2023-06-05,active,13,2,Other,2.6,1,1,1,25.0,1.5,5.0,15.0,46.5,Critical,0.535
cust_2434,Company_2434,growth,799,2023-02-20,active,19,4,Other,3.6,11,1,5,25.0,16.5,5.0,0.0,46.5,Critical,0.535
cust_714,Company_714,starter,299,2023-07-07,active,6,1,Other,7.2,6,3,2,12.5,9.0,15.0,10.0,46.5,Critical,0.535
cust_1120,Company_1120,starter,299,2023-07-31,active,17,1,Other,9.8,1,4,5,25.0,1.5,20.0,0.0,46.5,Critical,0.535
cust_1370,Company_1370,starter,299,2023-05-31,active,12,4,Finance,3.3,1,2,2,25.0,1.5,10.0,10.0,46.5,Critical,0.535
cust_2543,Company_2543,starter,299,2023-05-01,active,12,4,SaaS,3.7,1,4,5,25.0,1.5,20.0,0.0,46.5,Critical,0.535
cust_2882,Company_2882,starter,299,2023-11-15,active,12,1,Other,9.3,11,1,5,25.0,16.5,5.0,0.0,46.5,Critical,0.535
cust_2248,Company_2248,growth,799,2023-12-03,active,7,5,Finance,4.4,8,3,3,14.583333333333334,12.0,15.0,5.0,46.6,Critical,0.534
cust_106,Company_106,pro,1999,2023-08-11,active,4,1,Healthcare,2.1,9,1,0,8.333333333333332,13.5,5.0,20.0,46.8,Critical,0.532
cust_1971,Company_1971,growth,799,2023-08-14,active,9,4,Healthcare,8.3,2,6,4,18.75,3.0,25.0,0.0,46.8,Critical,0.532
cust_169,Company_169,starter,299,2023-03-24,active,9,5,Ecommerce,8.4,2,4,3,18.75,3.0,20.0,5.0,46.8,Critical,0.532
cust_1553,Company_1553,starter,299,2023-03-31,active,10,5,Ecommerce,9.1,4,3,3,20.833333333333336,6.0,15.0,5.0,46.8,Critical,0.532
cust_576,Company_576,growth,799,2023-07-21,active,5,1,Healthcare,5.9,1,7,2,10.416666666666668,1.5,25.0,10.0,46.9,Critical,0.531
cust_2211,Company_2211,starter,299,2023-10-27,active,5,2,SaaS,2.8,1,5,2,10.416666666666668,1.5,25.0,10.0,46.9,Critical,0.531
cust_2635,Company_2635,starter,299,2023-11-24,active,5,4,SaaS,1.7,11,2,2,10.416666666666668,16.5,10.0,10.0,46.9,Critical,0.531
cust_1868,Company_1868,enterprise,4999,2023-03-24,active,19,39,SaaS,7.8,8,1,3,25.0,12.0,5.0,5.0,47.0,Critical,0.53
cust_2417,Company_2417,pro,1999,2023-07-18,active,12,4,Ecommerce,8.6,8,2,4,25.0,12.0,10.0,0.0,47.0,Critical,0.53
cust_1669,Company_1669,starter,299,2023-03-04,active,12,1,SaaS,8.5,8,2,4,25.0,12.0,10.0,0.0,47.0,Critical,0.53
cust_2406,Company_2406,enterprise,4999,2023-01-09,active,1,11,Other,1.4,24,3,4,2.083333333333333,30.0,15.0,0.0,47.1,Critical,0.529
cust_2656,Company_2656,enterprise,4999,2023-08-15,active,1,24,SaaS,2.8,25,1,2,2.083333333333333,30.0,5.0,10.0,47.1,Critical,0.529
cust_1111,Company_1111,pro,1999,2023-03-18,active,1,4,Healthcare,6.1,27,1,2,2.083333333333333,30.0,5.0,10.0,47.1,Critical,0.529
cust_1220,Company_1220,pro,1999,2023-09-15,active,7,5,Healthcare,5.4,5,3,2,14.583333333333334,7.5,15.0,10.0,47.1,Critical,0.529
cust_2563,Company_2563,pro,1999,2023-04-15,active,1,5,SaaS,5.4,28,2,3,2.083333333333333,30.0,10.0,5.0,47.1,Critical,0.529
cust_2687,Company_2687,growth,799,2023-09-18,active,1,4,Ecommerce,5.9,21,1,2,2.083333333333333,30.0,5.0,10.0,47.1,Critical,0.529
cust_96,Company_96,starter,299,2023-10-10,active,1,1,Ecommerce,9.9,29,2,3,2.083333333333333,30.0,10.0,5.0,47.1,Critical,0.529
cust_701,Company_701,starter,299,2023-07-31,active,7,2,SaaS,5.0,15,1,3,14.583333333333334,22.5,5.0,5.0,47.1,Critical,0.529
cust_729,Company_729,growth,799,2023-09-03,active,2,5,SaaS,3.4,12,4,3,4.166666666666666,18.0,20.0,5.0,47.2,Critical,0.528
cust_792,Company_792,starter,299,2023-11-07,active,2,1,Ecommerce,2.9,12,5,5,4.166666666666666,18.0,25.0,0.0,47.2,Critical,0.528
cust_2885,Company_2885,starter,299,2023-02-04,active,2,3,Ecommerce,1.1,12,7,4,4.166666666666666,18.0,25.0,0.0,47.2,Critical,0.528
cust_133,Company_133,growth,799,2023-08-09,active,4,1,Other,7.3,6,7,3,8.333333333333332,9.0,25.0,5.0,47.3,Critical,0.527
cust_972,Company_972,growth,799,2023-01-04,active,3,1,Ecommerce,1.0,4,4,1,6.25,6.0,20.0,15.0,47.3,Critical,0.527
cust_1773,Company_1773,growth,799,2023-09-29,active,3,3,Finance,6.6,14,4,5,6.25,21.0,20.0,0.0,47.3,Critical,0.527
cust_2887,Company_2887,growth,799,2023-09-02,active,10,3,Other,1.0,1,1,0,20.833333333333336,1.5,5.0,20.0,47.3,Critical,0.527
cust_83,Company_83,starter,299,2023-08-15,active,10,4,Finance,5.9,1,2,1,20.833333333333336,1.5,10.0,15.0,47.3,Critical,0.527
cust_2697,Company_2697,starter,299,2023-09-29,active,3,5,Ecommerce,3.3,4,7,2,6.25,6.0,25.0,10.0,47.3,Critical,0.527
cust_432,Company_432,pro,1999,2023-08-17,active,11,4,SaaS,1.5,13,1,4,22.916666666666664,19.5,5.0,0.0,47.4,Critical,0.526
cust_1876,Company_1876,enterprise,4999,2023-09-13,active,22,12,SaaS,0.6,5,2,3,25.0,7.5,10.0,5.0,47.5,Critical,0.525
cust_916,Company_916,growth,799,2023-10-24,active,19,5,Finance,4.5,5,2,3,25.0,7.5,10.0,5.0,47.5,Critical,0.525
cust_1986,Company_1986,growth,799,2023-02-06,active,18,3,Finance,5.6,5,2,3,25.0,7.5,10.0,5.0,47.5,Critical,0.525
cust_2309,Company_2309,growth,799,2023-05-07,active,20,3,Finance,5.8,5,3,4,25.0,7.5,15.0,0.0,47.5,Critical,0.525
cust_1928,Company_1928,starter,299,2023-01-28,active,18,4,SaaS,6.6,5,2,3,25.0,7.5,10.0,5.0,47.5,Critical,0.525
cust_2067,Company_2067,starter,299,2023-12-31,active,19,2,Healthcare,3.0,5,3,4,25.0,7.5,15.0,0.0,47.5,Critical,0.525
cust_2836,Company_2836,growth,799,2023-07-13,active,1,2,Finance,4.8,7,4,1,2.083333333333333,10.5,20.0,15.0,47.6,Critical,0.524
cust_1090,Company_1090,enterprise,4999,2023-02-13,active,2,12,Healthcare,5.5,19,3,5,4.166666666666666,28.5,15.0,0.0,47.7,Critical,0.523
cust_2925,Company_2925,growth,799,2023-05-23,active,3,5,Ecommerce,6.4,1,4,0,6.25,1.5,20.0,20.0,47.8,Critical,0.522
cust_1472,Company_1472,pro,1999,2023-03-13,active,5,2,Ecommerce,4.2,5,7,3,10.416666666666668,7.5,25.0,5.0,47.9,Critical,0.521
cust_1348,Company_1348,starter,299,2023-10-28,active,11,4,Other,9.1,10,2,5,22.916666666666664,15.0,10.0,0.0,47.9,Critical,0.521
cust_532,Company_532,enterprise,4999,2023-08-31,active,18,50,Healthcare,5.5,2,2,2,25.0,3.0,10.0,10.0,48.0,Critical,0.52
cust_301,Company_301,growth,799,2023-09-11,active,14,4,Healthcare,5.1,2,1,1,25.0,3.0,5.0,15.0,48.0,Critical,0.52
cust_1382,Company_1382,growth,799,2023-12-05,active,19,4,Other,9.9,2,4,5,25.0,3.0,20.0,0.0,48.0,Critical,0.52
cust_2345,Company_2345,growth,799,2023-10-18,active,6,1,SaaS,4.1,7,7,5,12.5,10.5,25.0,0.0,48.0,Critical,0.52
cust_420,Company_420,starter,299,2023-02-26,active,19,2,SaaS,7.9,2,2,2,25.0,3.0,10.0,10.0,48.0,Critical,0.52
cust_699,Company_699,starter,299,2023-01-27,active,18,1,Healthcare,5.4,2,4,5,25.0,3.0,20.0,0.0,48.0,Critical,0.52
cust_1143,Company_1143,starter,299,2023-10-20,active,14,4,Ecommerce,6.4,12,1,4,25.0,18.0,5.0,0.0,48.0,Critical,0.52
cust_2847,Company_2847,enterprise,4999,2023-06-08,active,1,38,Other,8.2,4,4,0,2.083333333333333,6.0,20.0,20.0,48.1,Critical,0.519
cust_2749,Company_2749,starter,299,2023-12-19,active,1,5,Finance,3.2,14,8,5,2.083333333333333,21.0,25.0,0.0,48.1,Critical,0.519
cust_2947,Company_2947,starter,299,2023-01-22,active,1,4,Ecommerce,0.7,4,5,1,2.083333333333333,6.0,25.0,15.0,48.1,Critical,0.519
cust_708,Company_708,pro,1999,2023-12-23,active,4,2,SaaS,5.8,0,7,1,8.333333333333332,0.0,25.0,15.0,48.3,Critical,0.517
cust_909,Company_909,pro,1999,2023-07-25,active,4,4,Ecommerce,8.7,25,1,3,8.333333333333332,30.0,5.0,5.0,48.3,Critical,0.517
cust_1644,Company_1644,pro,1999,2023-12-25,active,4,2,Ecommerce,7.5,30,1,3,8.333333333333332,30.0,5.0,5.0,48.3,Critical,0.517
cust_541,Company_541,growth,799,2023-09-30,active,9,1,Ecommerce,1.8,3,8,4,18.75,4.5,25.0,0.0,48.3,Critical,0.517
cust_515,Company_515,starter,299,2023-02-24,active,4,4,Other,0.6,27,1,3,8.333333333333332,30.0,5.0,5.0,48.3,Critical,0.517
cust_2367,Company_2367,starter,299,2023-01-08,active,9,2,Ecommerce,4.5,3,1,0,18.75,4.5,5.0,20.0,48.3,Critical,0.517
cust_2153,Company_2153,growth,799,2023-05-22,active,5,5,SaaS,3.0,12,2,2,10.416666666666668,18.0,10.0,10.0,48.4,Critical,0.516
cust_2562,Company_2562,pro,1999,2023-02-28,active,16,5,Ecommerce,4.4,9,1,3,25.0,13.5,5.0,5.0,48.5,Critical,0.515
cust_1904,Company_1904,growth,799,2023-09-07,active,22,3,Ecommerce,0.6,9,2,5,25.0,13.5,10.0,0.0,48.5,Critical,0.515
cust_1283,Company_1283,starter,299,2023-10-20,active,14,5,Ecommerce,8.4,9,2,5,25.0,13.5,10.0,0.0,48.5,Critical,0.515
cust_1531,Company_1531,pro,1999,2023-07-22,active,7,5,Healthcare,2.4,16,1,3,14.583333333333334,24.0,5.0,5.0,48.6,Critical,0.514
cust_2357,Company_2357,pro,1999,2023-01-18,active,7,2,Other,5.3,16,2,4,14.583333333333334,24.0,10.0,0.0,48.6,Critical,0.514
cust_2787,Company_2787,starter,299,2023-05-20,active,7,4,Healthcare,6.7,6,5,4,14.583333333333334,9.0,25.0,0.0,48.6,Critical,0.514
cust_1241,Company_1241,starter,299,2023-08-12,active,2,1,Other,0.6,13,1,0,4.166666666666666,19.5,5.0,20.0,48.7,Critical,0.513
cust_1067,Company_1067,pro,1999,2023-02-20,active,3,5,Finance,3.4,15,4,4,6.25,22.5,20.0,0.0,48.8,Critical,0.512
cust_1888,Company_1888,enterprise,4999,2023-11-28,active,5,39,Finance,8.5,19,2,5,10.416666666666668,28.5,10.0,0.0,48.9,Critical,0.511
cust_2336,Company_2336,growth,799,2023-12-03,active,11,5,SaaS,7.7,14,1,5,22.916666666666664,21.0,5.0,0.0,48.9,Critical,0.511
cust_172,Company_172,pro,1999,2023-12-28,active,16,1,SaaS,0.7,6,3,4,25.0,9.0,15.0,0.0,49.0,Critical,0.51
cust_165,Company_165,starter,299,2023-03-25,active,6,5,Ecommerce,7.4,1,7,2,12.5,1.5,25.0,10.0,49.0,Critical,0.51
cust_251,Company_251,starter,299,2023-02-10,active,15,1,Other,7.4,6,1,2,25.0,9.0,5.0,10.0,49.0,Critical,0.51
cust_950,Company_950,starter,299,2023-12-04,active,6,1,Healthcare,7.1,1,4,1,12.5,1.5,20.0,15.0,49.0,Critical,0.51
cust_2107,Company_2107,starter,299,2023-07-21,active,16,2,Finance,3.6,6,3,5,25.0,9.0,15.0,0.0,49.0,Critical,0.51
cust_622,Company_622,growth,799,2023-06-15,active,1,3,Finance,4.3,18,1,1,2.083333333333333,27.0,5.0,15.0,49.1,Critical,0.509
cust_2735,Company_2735,growth,799,2023-02-09,active,1,3,Healthcare,9.2,8,3,0,2.083333333333333,12.0,15.0,20.0,49.1,Critical,0.509
cust_1683,Company_1683,enterprise,4999,2023-07-06,active,2,6,Ecommerce,1.4,22,1,2,4.166666666666666,30.0,5.0,10.0,49.2,Critical,0.508
cust_2844,Company_2844,growth,799,2023-11-26,active,8,5,Ecommerce,5.1,15,2,4,16.666666666666664,22.5,10.0,0.0,49.2,Critical,0.508
cust_2130,Company_2130,starter,299,2023-06-21,active,2,4,Ecommerce,0.5,26,1,2,4.166666666666666,30.0,5.0,10.0,49.2,Critical,0.508
cust_546,Company_546,pro,1999,2023-01-07,active,4,2,Healthcare,7.8,14,4,5,8.333333333333332,21.0,20.0,0.0,49.3,Critical,0.507
cust_273,Company_273,growth,799,2023-07-14,active,3,3,Ecommerce,7.3,2,5,1,6.25,3.0,25.0,15.0,49.3,Critical,0.507
cust_2738,Company_2738,growth,799,2023-01-09,active,4,4,Other,1.2,4,5,2,8.333333333333332,6.0,25.0,10.0,49.3,Critical,0.507
cust_290,Company_290,starter,299,2023-02-13,active,4,2,Finance,3.5,14,4,4,8.333333333333332,21.0,20.0,0.0,49.3,Critical,0.507
cust_953,Company_953,starter,299,2023-01-14,active,3,4,Healthcare,3.8,12,4,3,6.25,18.0,20.0,5.0,49.3,Critical,0.507
cust_1631,Company_1631,growth,799,2023-08-21,active,5,2,SaaS,9.0,16,2,3,10.416666666666668,24.0,10.0,5.0,49.4,Critical,0.506
cust_1973,Company_1973,growth,799,2023-06-09,active,11,1,SaaS,8.1,1,8,4,22.916666666666664,1.5,25.0,0.0,49.4,Critical,0.506
cust_173,Company_173,enterprise,4999,2023-11-08,active,17,50,Finance,2.8,3,1,1,25.0,4.5,5.0,15.0,49.5,Critical,0.505
cust_869,Company_869,pro,1999,2023-10-14,active,12,1,Other,8.6,3,2,2,25.0,4.5,10.0,10.0,49.5,Critical,0.505
cust_2316,Company_2316,pro,1999,2023-02-05,active,23,5,Other,9.8,13,1,4,25.0,19.5,5.0,0.0,49.5,Critical,0.505
cust_1098,Company_1098,growth,799,2023-10-10,active,14,2,SaaS,7.6,3,3,3,25.0,4.5,15.0,5.0,49.5,Critical,0.505
cust_1169,Company_1169,growth,799,2023-08-21,active,16,1,Finance,9.4,3,1,1,25.0,4.5,5.0,15.0,49.5,Critical,0.505
cust_2551,Company_2551,growth,799,2023-04-16,active,6,1,Healthcare,7.7,18,1,3,12.5,27.0,5.0,5.0,49.5,Critical,0.505
cust_1292,Company_1292,starter,299,2023-05-28,active,14,3,Ecommerce,6.8,3,3,3,25.0,4.5,15.0,5.0,49.5,Critical,0.505
cust_25,Company_25,growth,799,2023-10-04,active,1,2,Ecommerce,4.4,15,4,3,2.083333333333333,22.5,20.0,5.0,49.6,Critical,0.504
cust_2684,Company_2684,starter,299,2023-10-24,active,1,4,SaaS,8.3,15,8,4,2.083333333333333,22.5,25.0,0.0,49.6,Critical,0.504
cust_121,Company_121,enterprise,4999,2023-03-01,active,4,35,Ecommerce,4.2,11,7,4,8.333333333333332,16.5,25.0,0.0,49.8,Critical,0.502
cust_2378,Company_2378,enterprise,4999,2023-05-19,active,3,47,SaaS,6.0,9,8,3,6.25,13.5,25.0,5.0,49.8,Critical,0.502
cust_1573,Company_1573,growth,799,2023-11-24,active,10,3,Finance,7.5,16,1,5,20.833333333333336,24.0,5.0,0.0,49.8,Critical,0.502
cust_1104,Company_1104,starter,299,2023-03-22,active,9,5,Healthcare,9.8,4,4,3,18.75,6.0,20.0,5.0,49.8,Critical,0.502
cust_976,Company_976,growth,799,2023-08-10,active,5,4,SaaS,7.7,13,2,2,10.416666666666668,19.5,10.0,10.0,49.9,Critical,0.501
cust_2454,Company_2454,starter,299,2023-02-20,active,5,3,Other,5.2,3,6,2,10.416666666666668,4.5,25.0,10.0,49.9,Critical,0.501
cust_2091,Company_2091,enterprise,4999,2023-08-25,active,17,7,Other,9.9,0,3,2,25.0,0.0,15.0,10.0,50.0,At Risk,0.5
cust_2972,Company_2972,enterprise,4999,2023-03-27,active,14,7,Ecommerce,7.7,0,5,4,25.0,0.0,25.0,0.0,50.0,At Risk,0.5
cust_747,Company_747,pro,1999,2023-11-02,active,17,3,Ecommerce,7.2,0,2,1,25.0,0.0,10.0,15.0,50.0,At Risk,0.5
cust_1226,Company_1226,pro,1999,2023-02-07,active,15,5,SaaS,9.3,10,2,5,25.0,15.0,10.0,0.0,50.0,At Risk,0.5
cust_2092,Company_2092,pro,1999,2023-12-27,active,15,1,Ecommerce,2.1,0,7,5,25.0,0.0,25.0,0.0,50.0,At Risk,0.5
cust_1505,Company_1505,growth,799,2023-03-24,active,24,5,Ecommerce,8.4,0,8,5,25.0,0.0,25.0,0.0,50.0,At Risk,0.5
cust_2305,Company_2305,growth,799,2023-11-04,active,14,1,Ecommerce,5.6,10,1,3,25.0,15.0,5.0,5.0,50.0,At Risk,0.5
cust_160,Company_160,starter,299,2023-10-13,active,22,3,Other,8.8,10,2,4,25.0,15.0,10.0,0.0,50.0,At Risk,0.5
cust_333,Company_333,starter,299,2023-02-22,active,19,1,Ecommerce,7.5,0,1,0,25.0,0.0,5.0,20.0,50.0,At Risk,0.5
cust_496,Company_496,starter,299,2023-12-30,active,24,5,Other,1.6,0,7,5,25.0,0.0,25.0,0.0,50.0,At Risk,0.5
cust_2180,Company_2180,starter,299,2023-07-23,active,22,3,SaaS,8.4,0,8,5,25.0,0.0,25.0,0.0,50.0,At Risk,0.5
cust_2561,Company_2561,starter,299,2023-05-10,active,19,2,Other,1.4,0,4,3,25.0,0.0,20.0,5.0,50.0,At Risk,0.5
cust_2566,Company_2566,starter,299,2023-11-28,active,15,1,SaaS,4.5,0,7,4,25.0,0.0,25.0,0.0,50.0,At Risk,0.5
cust_2570,Company_2570,starter,299,2023-09-25,active,22,4,SaaS,1.3,0,5,5,25.0,0.0,25.0,0.0,50.0,At Risk,0.5
cust_2980,Company_2980,starter,299,2023-04-05,active,20,1,Finance,3.3,0,5,5,25.0,0.0,25.0,0.0,50.0,At Risk,0.5
